log,case_id,truth,fault,fit9,fit12,conforms,presence_ok
A,A000,compliant,,1.0,1.0,True,True
A,A001,compliant,,1.0,1.0,True,True
A,A002,compliant,,1.0,1.0,True,True
A,A003,compliant,,1.0,1.0,True,True
A,A004,compliant,,1.0,1.0,True,True
A,A005,compliant,,1.0,1.0,True,True
A,A006,compliant,,1.0,1.0,True,True
A,A007,compliant,,1.0,1.0,True,True
A,A008,compliant,,1.0,1.0,True,True
A,A009,compliant,,1.0,1.0,True,True
A,A010,compliant,,1.0,1.0,True,True
A,A011,compliant,,1.0,1.0,True,True
A,A012,compliant,,1.0,1.0,True,True
A,A013,compliant,,1.0,1.0,True,True
A,A014,compliant,,1.0,1.0,True,True
A,A015,compliant,,1.0,1.0,True,True
A,A016,compliant,,1.0,1.0,True,True
A,A017,compliant,,1.0,1.0,True,True
A,A018,compliant,,1.0,1.0,True,True
A,A019,compliant,,1.0,1.0,True,True
A,A020,compliant,,1.0,1.0,True,True
A,A021,compliant,,1.0,1.0,True,True
A,A022,compliant,,1.0,1.0,True,True
A,A023,compliant,,0.976,0.941,False,False
A,A024,compliant,,1.0,1.0,True,True
A,A025,compliant,,1.0,1.0,True,True
A,A026,compliant,,1.0,1.0,True,True
A,A027,compliant,,1.0,1.0,True,True
A,A028,compliant,,1.0,1.0,True,True
A,A029,compliant,,1.0,1.0,True,True
A,A030,compliant,,1.0,1.0,True,True
A,A031,compliant,,1.0,1.0,True,True
A,A032,compliant,,1.0,1.0,True,True
A,A033,compliant,,1.0,1.0,True,True
A,A034,compliant,,1.0,1.0,True,True
A,A035,compliant,,1.0,1.0,True,True
A,A036,compliant,,1.0,1.0,True,True
A,A037,compliant,,1.0,1.0,True,True
A,A038,compliant,,1.0,1.0,True,True
A,A039,compliant,,1.0,1.0,True,True
A,A040,compliant,,1.0,1.0,True,True
A,A041,compliant,,1.0,1.0,True,True
A,A042,compliant,,1.0,1.0,True,True
A,A043,compliant,,1.0,1.0,True,True
A,A044,compliant,,1.0,1.0,True,True
A,A045,compliant,,1.0,1.0,True,True
A,A046,compliant,,1.0,1.0,True,True
A,A047,compliant,,1.0,1.0,True,True
A,A048,compliant,,1.0,1.0,True,True
A,A049,compliant,,1.0,1.0,True,True
B,B000,structural_violation,drop_field,1.0,0.933,False,False
B,B001,structural_violation,drop_field,1.0,0.933,False,False
B,B002,structural_violation,swap_core,0.941,1.0,False,True
B,B003,structural_violation,drop_core,0.976,1.0,False,True
B,B004,structural_violation,swap_core,0.952,1.0,False,True
B,B005,structural_violation,drop_core,0.95,0.941,False,False
B,B006,structural_violation,swap_core,0.941,1.0,False,True
B,B007,structural_violation,drop_core,0.97,1.0,False,False
B,B008,structural_violation,drop_core,0.976,1.0,False,True
B,B009,structural_violation,swap_core,0.952,1.0,False,True
B,B010,structural_violation,drop_field,1.0,0.933,False,False
B,B011,structural_violation,swap_core,0.927,0.941,False,False
B,B012,structural_violation,drop_field,1.0,0.933,False,False
B,B013,structural_violation,drop_core,0.97,1.0,False,False
B,B014,structural_violation,drop_core,0.976,1.0,False,True
B,B015,structural_violation,swap_core,0.941,1.0,False,True
B,B016,structural_violation,drop_field,1.0,0.933,False,False
B,B017,structural_violation,swap_core,0.952,1.0,False,True
B,B018,structural_violation,drop_field,1.0,0.933,False,False
B,B019,structural_violation,drop_field,1.0,0.933,False,False
B,B020,structural_violation,drop_core,0.976,1.0,False,True
B,B021,structural_violation,drop_field,0.976,0.875,False,False
B,B022,structural_violation,swap_core,0.952,1.0,False,True
B,B023,structural_violation,drop_field,1.0,0.933,False,False
B,B024,structural_violation,drop_core,0.97,1.0,False,False
B,B025,structural_violation,drop_core,0.976,1.0,False,True
B,B026,structural_violation,drop_core,0.976,1.0,False,True
B,B027,structural_violation,drop_core,0.97,1.0,False,False
B,B028,structural_violation,drop_field,1.0,0.933,False,False
B,B029,structural_violation,drop_field,1.0,0.933,False,False
B,B030,structural_violation,swap_core,0.952,1.0,False,True
B,B031,structural_violation,drop_core,0.97,1.0,False,False
B,B032,structural_violation,swap_core,0.952,1.0,False,True
B,B033,structural_violation,drop_field,1.0,0.933,False,False
B,B034,structural_violation,drop_field,1.0,0.933,False,False
B,B035,structural_violation,drop_field,1.0,0.933,False,False
B,B036,structural_violation,drop_field,0.97,0.875,False,False
B,B037,structural_violation,drop_field,1.0,0.933,False,False
B,B038,structural_violation,drop_core,0.97,1.0,False,False
B,B039,structural_violation,swap_core,0.952,1.0,False,True
B,B040,structural_violation,swap_core,0.952,1.0,False,True
B,B041,structural_violation,drop_field,1.0,0.933,False,False
B,B042,structural_violation,drop_core,0.976,1.0,False,True
B,B043,structural_violation,drop_field,1.0,0.933,False,False
B,B044,structural_violation,drop_field,1.0,0.933,False,False
B,B045,structural_violation,swap_core,0.941,1.0,False,True
B,B046,structural_violation,drop_field,1.0,0.933,False,False
B,B047,structural_violation,drop_core,0.976,1.0,False,True
B,B048,structural_violation,drop_field,1.0,0.933,False,False
B,B049,structural_violation,swap_core,0.952,1.0,False,True
C,C000,substantive_violation,,1.0,1.0,True,True
C,C001,substantive_violation,,1.0,1.0,True,True
C,C002,substantive_violation,,1.0,1.0,True,True
C,C003,substantive_violation,,1.0,1.0,True,True
C,C004,substantive_violation,,1.0,1.0,True,True
C,C005,substantive_violation,,1.0,1.0,True,True
C,C006,substantive_violation,,1.0,1.0,True,True
C,C007,substantive_violation,,1.0,1.0,True,True
C,C008,substantive_violation,,1.0,1.0,True,True
C,C009,substantive_violation,,1.0,1.0,True,True
C,C010,substantive_violation,,1.0,1.0,True,True
C,C011,substantive_violation,,1.0,1.0,True,True
C,C012,substantive_violation,,1.0,1.0,True,True
C,C013,substantive_violation,,1.0,1.0,True,True
C,C014,substantive_violation,,1.0,1.0,True,True
C,C015,substantive_violation,,1.0,1.0,True,True
C,C016,substantive_violation,,1.0,1.0,True,True
C,C017,substantive_violation,,1.0,1.0,True,True
C,C018,substantive_violation,,1.0,1.0,True,True
C,C019,substantive_violation,,1.0,1.0,True,True
C,C020,substantive_violation,,1.0,1.0,True,True
C,C021,substantive_violation,,1.0,1.0,True,True
C,C022,substantive_violation,,1.0,1.0,True,True
C,C023,substantive_violation,,0.976,0.941,False,False
C,C024,substantive_violation,,0.976,0.941,False,False
C,C025,substantive_violation,,1.0,1.0,True,True
C,C026,substantive_violation,,1.0,1.0,True,True
C,C027,substantive_violation,,0.97,0.941,False,False
C,C028,substantive_violation,,1.0,1.0,True,True
C,C029,substantive_violation,,1.0,1.0,True,True
C,C030,substantive_violation,,1.0,1.0,True,True
C,C031,substantive_violation,,1.0,1.0,True,True
C,C032,substantive_violation,,1.0,1.0,True,True
C,C033,substantive_violation,,1.0,1.0,True,True
C,C034,substantive_violation,,1.0,1.0,True,True
C,C035,substantive_violation,,1.0,1.0,True,True
C,C036,substantive_violation,,1.0,1.0,True,True
C,C037,substantive_violation,,1.0,1.0,True,True
C,C038,substantive_violation,,1.0,1.0,True,True
C,C039,substantive_violation,,1.0,1.0,True,True
C,C040,substantive_violation,,1.0,1.0,True,True
C,C041,substantive_violation,,1.0,1.0,True,True
C,C042,substantive_violation,,1.0,1.0,True,True
C,C043,substantive_violation,,1.0,1.0,True,True
C,C044,substantive_violation,,1.0,1.0,True,True
C,C045,substantive_violation,,1.0,1.0,True,True
C,C046,substantive_violation,,1.0,1.0,True,True
C,C047,substantive_violation,,1.0,1.0,True,True
C,C048,substantive_violation,,1.0,1.0,True,True
C,C049,substantive_violation,,1.0,1.0,True,True
